<?xml version="1.0" encoding="UTF-8"?><gmd:MD_Metadata xmlns:xlink="http://www.w3.org/1999/xlink" xmlns:srv="http://www.isotc211.org/2005/srv" xmlns:gts="http://www.isotc211.org/2005/gts" xmlns:gmd="http://www.isotc211.org/2005/gmd" xmlns:gco="http://www.isotc211.org/2005/gco" xmlns:gml="http://www.opengis.net/gml" xmlns:xsi="http://www.w3.org/2001/XMLSchema-instance">
<gmd:fileIdentifier>
<gco:CharacterString>DE519E91-3BD0-4DA0-B4C7-43EBB4A4E40D</gco:CharacterString>
</gmd:fileIdentifier>
<gmd:language>
<gmd:LanguageCode codeList="http://www.loc.gov/standards/iso639-2/php/code_list.php" codeListValue="eng" codeSpace="ISO639-2">eng</gmd:LanguageCode>
</gmd:language>
<gmd:characterSet>
<gmd:MD_CharacterSetCode codeList="http://www.isotc211.org/2005/resources/Codelist/gmxCodelists.xml#MD_CharacterSetCode" codeListValue="utf8" codeSpace="ISOTC211/19115">utf8</gmd:MD_CharacterSetCode>
</gmd:characterSet>
<gmd:hierarchyLevel>
<gmd:MD_ScopeCode codeList="http://www.isotc211.org/2005/resources/Codelist/gmxCodelists.xml#MD_ScopeCode" codeListValue="dataset" codeSpace="ISOTC211/19115">dataset</gmd:MD_ScopeCode>
</gmd:hierarchyLevel>
<gmd:contact>
<gmd:CI_ResponsibleParty>
<gmd:individualName>
<gco:CharacterString>Kathan, Kasey</gco:CharacterString>
</gmd:individualName>
<gmd:organisationName>
<gco:CharacterString>DEC Waste Management Program</gco:CharacterString>
</gmd:organisationName>
<gmd:positionName>
<gco:CharacterString>Env. Analyst IV</gco:CharacterString>
</gmd:positionName>
<gmd:contactInfo>
<gmd:CI_Contact>
<gmd:phone>
<gmd:CI_Telephone>
<gmd:voice>
<gco:CharacterString>802-522-0561</gco:CharacterString>
</gmd:voice>
</gmd:CI_Telephone>
</gmd:phone>
<gmd:address>
<gmd:CI_Address>
<gmd:deliveryPoint>
<gco:CharacterString>1 National Life Dr, Davis 1</gco:CharacterString>
</gmd:deliveryPoint>
<gmd:city>
<gco:CharacterString>Montpelier</gco:CharacterString>
</gmd:city>
<gmd:administrativeArea>
<gco:CharacterString>VT</gco:CharacterString>
</gmd:administrativeArea>
<gmd:postalCode>
<gco:CharacterString>05620</gco:CharacterString>
</gmd:postalCode>
<gmd:country>
<gco:CharacterString>US</gco:CharacterString>
</gmd:country>
<gmd:electronicMailAddress>
<gco:CharacterString>Kasey.Kathan@vermont.gov</gco:CharacterString>
</gmd:electronicMailAddress>
</gmd:CI_Address>
</gmd:address>
</gmd:CI_Contact>
</gmd:contactInfo>
<gmd:role>
<gmd:CI_RoleCode codeList="http://www.isotc211.org/2005/resources/Codelist/gmxCodelists.xml#CI_RoleCode" codeListValue="pointOfContact" codeSpace="ISOTC211/19115">pointOfContact</gmd:CI_RoleCode>
</gmd:role>
</gmd:CI_ResponsibleParty>
</gmd:contact>
<dateStamp>
<gco:Date>2016-11-01</gco:Date>
</dateStamp>
<gmd:metadataStandardName>
<gco:CharacterString>NAP - Metadata</gco:CharacterString>
</gmd:metadataStandardName>
<gmd:metadataStandardVersion>
<gco:CharacterString>1.2</gco:CharacterString>
</gmd:metadataStandardVersion>
<gmd:spatialRepresentationInfo>
<gmd:MD_VectorSpatialRepresentation>
<gmd:topologyLevel>
<gmd:MD_TopologyLevelCode codeList="http://www.isotc211.org/2005/resources/Codelist/gmxCodelists.xml#MD_TopologyLevelCode" codeListValue="geometryOnly" codeSpace="ISOTC211/19115">geometryOnly</gmd:MD_TopologyLevelCode>
</gmd:topologyLevel>
<gmd:geometricObjects>
<gmd:MD_GeometricObjects>
<gmd:geometricObjectType>
<gmd:MD_GeometricObjectTypeCode codeList="http://www.isotc211.org/2005/resources/Codelist/gmxCodelists.xml#MD_GeometricObjectTypeCode" codeListValue="point" codeSpace="ISOTC211/19115">point</gmd:MD_GeometricObjectTypeCode>
</gmd:geometricObjectType>
</gmd:MD_GeometricObjects>
</gmd:geometricObjects>
</gmd:MD_VectorSpatialRepresentation>
</gmd:spatialRepresentationInfo>
<gmd:referenceSystemInfo>
<gmd:MD_ReferenceSystem>
<gmd:referenceSystemIdentifier>
<gmd:RS_Identifier>
<gmd:code>
<gco:CharacterString>32145</gco:CharacterString>
</gmd:code>
<gmd:codeSpace>
<gco:CharacterString>EPSG</gco:CharacterString>
</gmd:codeSpace>
<gmd:version>
<gco:CharacterString>8.6.2</gco:CharacterString>
</gmd:version>
</gmd:RS_Identifier>
</gmd:referenceSystemIdentifier>
</gmd:MD_ReferenceSystem>
</gmd:referenceSystemInfo>
<gmd:identificationInfo>
<gmd:MD_DataIdentification>
<gmd:citation>
<gmd:CI_Citation>
<gmd:title>
<gco:CharacterString>Landfills</gco:CharacterString>
</gmd:title>
<gmd:date>
<gmd:CI_Date>
<date>
<gco:Date>2012-01-01</gco:Date>
</date>
<gmd:dateType>
<gmd:CI_DateTypeCode codeList="http://www.isotc211.org/2005/resources/Codelist/gmxCodelists.xml#CI_DateTypeCode" codeListValue="creation" codeSpace="ISOTC211/19115">creation</gmd:CI_DateTypeCode>
</gmd:dateType>
</gmd:CI_Date>
</gmd:date>
<gmd:citedResponsibleParty>
<gmd:CI_ResponsibleParty>
<gmd:individualName>
<gco:CharacterString>Kathan, Kasey</gco:CharacterString>
</gmd:individualName>
<gmd:organisationName>
<gco:CharacterString>DEC Waste Management Program</gco:CharacterString>
</gmd:organisationName>
<gmd:positionName>
<gco:CharacterString>Env. Analyst IV</gco:CharacterString>
</gmd:positionName>
<gmd:contactInfo>
<gmd:CI_Contact>
<gmd:phone>
<gmd:CI_Telephone>
<gmd:voice>
<gco:CharacterString>802-522-0561</gco:CharacterString>
</gmd:voice>
</gmd:CI_Telephone>
</gmd:phone>
<gmd:address>
<gmd:CI_Address>
<gmd:deliveryPoint>
<gco:CharacterString>1 National Life Dr, Davis 1</gco:CharacterString>
</gmd:deliveryPoint>
<gmd:city>
<gco:CharacterString>Montpelier</gco:CharacterString>
</gmd:city>
<gmd:administrativeArea>
<gco:CharacterString>VT</gco:CharacterString>
</gmd:administrativeArea>
<gmd:postalCode>
<gco:CharacterString>05620</gco:CharacterString>
</gmd:postalCode>
<gmd:country>
<gco:CharacterString>US</gco:CharacterString>
</gmd:country>
<gmd:electronicMailAddress>
<gco:CharacterString>Kasey.Kathan@vermont.gov</gco:CharacterString>
</gmd:electronicMailAddress>
</gmd:CI_Address>
</gmd:address>
</gmd:CI_Contact>
</gmd:contactInfo>
<gmd:role>
<gmd:CI_RoleCode codeList="http://www.isotc211.org/2005/resources/Codelist/gmxCodelists.xml#CI_RoleCode" codeListValue="pointOfContact" codeSpace="ISOTC211/19115">pointOfContact</gmd:CI_RoleCode>
</gmd:role>
</gmd:CI_ResponsibleParty>
</gmd:citedResponsibleParty>
<gmd:presentationForm>
<gmd:CI_PresentationFormCode codeList="http://www.isotc211.org/2005/resources/Codelist/gmxCodelists.xml#CI_PresentationFormCode" codeListValue="mapDigital" codeSpace="ISOTC211/19115">mapDigital</gmd:CI_PresentationFormCode>
</gmd:presentationForm>
</gmd:CI_Citation>
</gmd:citation>
<gmd:abstract>
<gco:CharacterString>This data set defines both current and historic landfills/waste disposal storage sites for the State of Vermont. Historic landfills were identified with the publication of the Vermont Ground Water Pollution Source Inventory by the Agency of Environmental Conservation, Department of Water Resources and Environmental Engineering Water Quality Division, December 1980. Current landfill locations supplied by the Solid Waste Division of the Vermont Agency of Natural Resources, Department of Environmental Conservation.This dataset includes: active landfills - currently accepting waste, geo-located; closed landfills- ceased accepting waste and completed closure under solid waste regulations (post-1988), geo-located; historic landfills - ceased accepting waste prior to solid waste regulation implementation (pre-1988), locations obtained from a 1990 Vermont Groundwater Pollution Source Inventory completed by the Department of Waster Resources and Environmental Engineering Groundwater Management Section.  The listing of historic landfills is likely incomplete.</gco:CharacterString>
</gmd:abstract>
<gmd:purpose>
<gco:CharacterString>For use in locating current/historic landfills/waste disposale storage sites.</gco:CharacterString>
</gmd:purpose>
<gmd:credit>
<gco:CharacterString>Historic Landfills/Waste Disposal Storage Sites located using data from the publication of Stedman, Thiel, and Butterfield. State of Vermont Agency of Environmental Conservation. Department of Water Resources and Environmental Engineering. Ground Water Management Section. Montpelier, Vermont. Current landfill locations supplied by the State of Vermont Agency of Natural Resources Solid Waste Division of the Department of Environmental Conservation.</gco:CharacterString>
</gmd:credit>
<gmd:status gco:nilReason="missing"/>
<gmd:pointOfContact>
<gmd:CI_ResponsibleParty>
<gmd:individualName>
<gco:CharacterString>Kathan, Kasey</gco:CharacterString>
</gmd:individualName>
<gmd:organisationName>
<gco:CharacterString>DEC Waste Management Program</gco:CharacterString>
</gmd:organisationName>
<gmd:positionName>
<gco:CharacterString>Env. Analyst IV</gco:CharacterString>
</gmd:positionName>
<gmd:contactInfo>
<gmd:CI_Contact>
<gmd:phone>
<gmd:CI_Telephone>
<gmd:voice>
<gco:CharacterString>802-522-0561</gco:CharacterString>
</gmd:voice>
</gmd:CI_Telephone>
</gmd:phone>
<gmd:address>
<gmd:CI_Address>
<gmd:deliveryPoint>
<gco:CharacterString>1 National Life Dr, Davis 1</gco:CharacterString>
</gmd:deliveryPoint>
<gmd:city>
<gco:CharacterString>Montpelier</gco:CharacterString>
</gmd:city>
<gmd:administrativeArea>
<gco:CharacterString>VT</gco:CharacterString>
</gmd:administrativeArea>
<gmd:postalCode>
<gco:CharacterString>05620</gco:CharacterString>
</gmd:postalCode>
<gmd:country>
<gco:CharacterString>US</gco:CharacterString>
</gmd:country>
<gmd:electronicMailAddress>
<gco:CharacterString>Kasey.Kathan@vermont.gov</gco:CharacterString>
</gmd:electronicMailAddress>
</gmd:CI_Address>
</gmd:address>
</gmd:CI_Contact>
</gmd:contactInfo>
<gmd:role>
<gmd:CI_RoleCode codeList="http://www.isotc211.org/2005/resources/Codelist/gmxCodelists.xml#CI_RoleCode" codeListValue="pointOfContact" codeSpace="ISOTC211/19115">pointOfContact</gmd:CI_RoleCode>
</gmd:role>
</gmd:CI_ResponsibleParty>
</gmd:pointOfContact>
<gmd:resourceMaintenance>
<gmd:MD_MaintenanceInformation>
<gmd:maintenanceAndUpdateFrequency>
<gmd:MD_MaintenanceFrequencyCode codeList="http://www.isotc211.org/2005/resources/Codelist/gmxCodelists.xml#MD_MaintenanceFrequencyCode" codeListValue="unknown" codeSpace="ISOTC211/19115">unknown</gmd:MD_MaintenanceFrequencyCode>
</gmd:maintenanceAndUpdateFrequency>
</gmd:MD_MaintenanceInformation>
</gmd:resourceMaintenance>
<gmd:descriptiveKeywords>
<gmd:MD_Keywords>
<gmd:keyword>
<gco:CharacterString>Downloadable Data</gco:CharacterString>
</gmd:keyword>
<gmd:thesaurusName uuidref="723f6998-058e-11dc-8314-0800200c9a66"/>
</gmd:MD_Keywords>
</gmd:descriptiveKeywords>
<gmd:descriptiveKeywords>
<gmd:MD_Keywords>
<gmd:keyword>
<gco:CharacterString>environment</gco:CharacterString>
</gmd:keyword>
<gmd:keyword>
<gco:CharacterString>landfill</gco:CharacterString>
</gmd:keyword>
<gmd:keyword>
<gco:CharacterString>dump</gco:CharacterString>
</gmd:keyword>
<gmd:keyword>
<gco:CharacterString>isothemeFacilities</gco:CharacterString>
</gmd:keyword>
<gmd:keyword>
<gco:CharacterString>subthemeOther</gco:CharacterString>
</gmd:keyword>
<gmd:keyword>
<gco:CharacterString>VT ANR Open Data</gco:CharacterString>
</gmd:keyword>
<gmd:keyword>
<gco:CharacterString>isothemeEnviron</gco:CharacterString>
</gmd:keyword>
<gmd:keyword>
<gco:CharacterString>nodeVTANR</gco:CharacterString>
</gmd:keyword>
</gmd:MD_Keywords>
</gmd:descriptiveKeywords>
<gmd:descriptiveKeywords>
<gmd:MD_Keywords>
<gmd:keyword>
<gco:CharacterString>environment</gco:CharacterString>
</gmd:keyword>
<gmd:keyword>
<gco:CharacterString>landfill</gco:CharacterString>
</gmd:keyword>
<gmd:keyword>
<gco:CharacterString>dump</gco:CharacterString>
</gmd:keyword>
<gmd:keyword>
<gco:CharacterString>isothemeFacilities</gco:CharacterString>
</gmd:keyword>
<gmd:keyword>
<gco:CharacterString>subthemeOther</gco:CharacterString>
</gmd:keyword>
<gmd:keyword>
<gco:CharacterString>VT ANR Open Data</gco:CharacterString>
</gmd:keyword>
<gmd:keyword>
<gco:CharacterString>isothemeEnviron</gco:CharacterString>
</gmd:keyword>
<gmd:keyword>
<gco:CharacterString>nodeVTANR</gco:CharacterString>
</gmd:keyword>
</gmd:MD_Keywords>
</gmd:descriptiveKeywords>
<gmd:descriptiveKeywords>
<gmd:MD_Keywords>
<gmd:keyword>
<gco:CharacterString>environment</gco:CharacterString>
</gmd:keyword>
<gmd:keyword>
<gco:CharacterString>landfill</gco:CharacterString>
</gmd:keyword>
<gmd:keyword>
<gco:CharacterString>dump</gco:CharacterString>
</gmd:keyword>
<gmd:keyword>
<gco:CharacterString>isothemeFacilities</gco:CharacterString>
</gmd:keyword>
<gmd:keyword>
<gco:CharacterString>subthemeOther</gco:CharacterString>
</gmd:keyword>
<gmd:keyword>
<gco:CharacterString>VT ANR Open Data</gco:CharacterString>
</gmd:keyword>
<gmd:keyword>
<gco:CharacterString>isothemeEnviron</gco:CharacterString>
</gmd:keyword>
<gmd:keyword>
<gco:CharacterString>nodeVTANR</gco:CharacterString>
</gmd:keyword>
</gmd:MD_Keywords>
</gmd:descriptiveKeywords>
<gmd:descriptiveKeywords>
<gmd:MD_Keywords>
<gmd:keyword>
<gco:CharacterString>environment</gco:CharacterString>
</gmd:keyword>
<gmd:keyword>
<gco:CharacterString>landfill</gco:CharacterString>
</gmd:keyword>
<gmd:keyword>
<gco:CharacterString>dump</gco:CharacterString>
</gmd:keyword>
<gmd:keyword>
<gco:CharacterString>isothemeFacilities</gco:CharacterString>
</gmd:keyword>
<gmd:keyword>
<gco:CharacterString>subthemeOther</gco:CharacterString>
</gmd:keyword>
<gmd:keyword>
<gco:CharacterString>VT ANR Open Data</gco:CharacterString>
</gmd:keyword>
<gmd:keyword>
<gco:CharacterString>isothemeEnviron</gco:CharacterString>
</gmd:keyword>
<gmd:keyword>
<gco:CharacterString>nodeVTANR</gco:CharacterString>
</gmd:keyword>
</gmd:MD_Keywords>
</gmd:descriptiveKeywords>
<gmd:descriptiveKeywords>
<gmd:MD_Keywords>
<gmd:keyword>
<gco:CharacterString>environment</gco:CharacterString>
</gmd:keyword>
<gmd:keyword>
<gco:CharacterString>landfill</gco:CharacterString>
</gmd:keyword>
<gmd:keyword>
<gco:CharacterString>dump</gco:CharacterString>
</gmd:keyword>
<gmd:keyword>
<gco:CharacterString>isothemeFacilities</gco:CharacterString>
</gmd:keyword>
<gmd:keyword>
<gco:CharacterString>subthemeOther</gco:CharacterString>
</gmd:keyword>
<gmd:keyword>
<gco:CharacterString>VT ANR Open Data</gco:CharacterString>
</gmd:keyword>
<gmd:keyword>
<gco:CharacterString>isothemeEnviron</gco:CharacterString>
</gmd:keyword>
<gmd:keyword>
<gco:CharacterString>nodeVTANR</gco:CharacterString>
</gmd:keyword>
</gmd:MD_Keywords>
</gmd:descriptiveKeywords>
<gmd:descriptiveKeywords>
<gmd:MD_Keywords>
<gmd:keyword>
<gco:CharacterString>environment</gco:CharacterString>
</gmd:keyword>
<gmd:keyword>
<gco:CharacterString>landfill</gco:CharacterString>
</gmd:keyword>
<gmd:keyword>
<gco:CharacterString>dump</gco:CharacterString>
</gmd:keyword>
<gmd:keyword>
<gco:CharacterString>isothemeFacilities</gco:CharacterString>
</gmd:keyword>
<gmd:keyword>
<gco:CharacterString>subthemeOther</gco:CharacterString>
</gmd:keyword>
<gmd:keyword>
<gco:CharacterString>VT ANR Open Data</gco:CharacterString>
</gmd:keyword>
<gmd:keyword>
<gco:CharacterString>isothemeEnviron</gco:CharacterString>
</gmd:keyword>
<gmd:keyword>
<gco:CharacterString>nodeVTANR</gco:CharacterString>
</gmd:keyword>
</gmd:MD_Keywords>
</gmd:descriptiveKeywords>
<gmd:descriptiveKeywords>
<gmd:MD_Keywords>
<gmd:keyword>
<gco:CharacterString>environment</gco:CharacterString>
</gmd:keyword>
<gmd:keyword>
<gco:CharacterString>landfill</gco:CharacterString>
</gmd:keyword>
<gmd:keyword>
<gco:CharacterString>dump</gco:CharacterString>
</gmd:keyword>
<gmd:keyword>
<gco:CharacterString>isothemeFacilities</gco:CharacterString>
</gmd:keyword>
<gmd:keyword>
<gco:CharacterString>subthemeOther</gco:CharacterString>
</gmd:keyword>
<gmd:keyword>
<gco:CharacterString>VT ANR Open Data</gco:CharacterString>
</gmd:keyword>
<gmd:keyword>
<gco:CharacterString>isothemeEnviron</gco:CharacterString>
</gmd:keyword>
<gmd:keyword>
<gco:CharacterString>nodeVTANR</gco:CharacterString>
</gmd:keyword>
</gmd:MD_Keywords>
</gmd:descriptiveKeywords>
<gmd:descriptiveKeywords>
<gmd:MD_Keywords>
<gmd:keyword>
<gco:CharacterString>environment</gco:CharacterString>
</gmd:keyword>
<gmd:keyword>
<gco:CharacterString>landfill</gco:CharacterString>
</gmd:keyword>
<gmd:keyword>
<gco:CharacterString>dump</gco:CharacterString>
</gmd:keyword>
<gmd:keyword>
<gco:CharacterString>isothemeFacilities</gco:CharacterString>
</gmd:keyword>
<gmd:keyword>
<gco:CharacterString>subthemeOther</gco:CharacterString>
</gmd:keyword>
<gmd:keyword>
<gco:CharacterString>VT ANR Open Data</gco:CharacterString>
</gmd:keyword>
<gmd:keyword>
<gco:CharacterString>isothemeEnviron</gco:CharacterString>
</gmd:keyword>
<gmd:keyword>
<gco:CharacterString>nodeVTANR</gco:CharacterString>
</gmd:keyword>
</gmd:MD_Keywords>
</gmd:descriptiveKeywords>
<gmd:resourceConstraints>
<gmd:MD_Constraints>
<gmd:useLimitation>
<gco:CharacterString>Although every effort has been made to ensure the accuracy of information, errors may be reflected in data supplied. The user must be aware of data conditions and bear responsibility for the appropriate use of the information with respect to possible errors, orginal map scale, collection methodology, currency of data, and other condition. Secondary distribution must be accompanied by this documentation. Credit should always be given to the data source when this data is transferred or printed.</gco:CharacterString>
</gmd:useLimitation>
</gmd:MD_Constraints>
</gmd:resourceConstraints>
<gmd:spatialRepresentationType>
<gmd:MD_SpatialRepresentationTypeCode codeList="http://www.isotc211.org/2005/resources/Codelist/gmxCodelists.xml#MD_SpatialRepresentationTypeCode" codeListValue="vector" codeSpace="ISOTC211/19115">vector</gmd:MD_SpatialRepresentationTypeCode>
</gmd:spatialRepresentationType>
<gmd:language>
<gmd:LanguageCode codeList="http://www.loc.gov/standards/iso639-2/php/code_list.php" codeListValue="eng" codeSpace="ISO639-2">eng</gmd:LanguageCode>
</gmd:language>
<gmd:characterSet>
<gmd:MD_CharacterSetCode codeList="http://www.isotc211.org/2005/resources/Codelist/gmxCodelists.xml#MD_CharacterSetCode" codeListValue="utf8" codeSpace="ISOTC211/19115">utf8</gmd:MD_CharacterSetCode>
</gmd:characterSet>
<gmd:topicCategory>
<gmd:MD_TopicCategoryCode>environment</gmd:MD_TopicCategoryCode>
</gmd:topicCategory>
<gmd:topicCategory>
<gmd:MD_TopicCategoryCode>health</gmd:MD_TopicCategoryCode>
</gmd:topicCategory>
<gmd:topicCategory>
<gmd:MD_TopicCategoryCode>structure</gmd:MD_TopicCategoryCode>
</gmd:topicCategory>
<gmd:environmentDescription>
<gco:CharacterString>Microsoft Windows 7 Version 6.1 (Build 7601) Service Pack 1; Esri ArcGIS 10.3.1.4959</gco:CharacterString>
</gmd:environmentDescription>
<gmd:extent>
<gmd:EX_Extent>
<gmd:geographicElement>
<gmd:EX_GeographicBoundingBox>
<gmd:extentTypeCode>
<gco:Boolean>true</gco:Boolean>
</gmd:extentTypeCode>
<gmd:westBoundLongitude>
<gco:Decimal>-73.35002</gco:Decimal>
</gmd:westBoundLongitude>
<gmd:eastBoundLongitude>
<gco:Decimal>-71.541425</gco:Decimal>
</gmd:eastBoundLongitude>
<gmd:southBoundLatitude>
<gco:Decimal>42.760285</gco:Decimal>
</gmd:southBoundLatitude>
<gmd:northBoundLatitude>
<gco:Decimal>45.010632</gco:Decimal>
</gmd:northBoundLatitude>
</gmd:EX_GeographicBoundingBox>
</gmd:geographicElement>
</gmd:EX_Extent>
</gmd:extent>
</gmd:MD_DataIdentification>
</gmd:identificationInfo>
<gmd:distributionInfo>
<gmd:MD_Distribution>
<gmd:distributionFormat>
<gmd:MD_Format>
<gmd:name>
<gco:CharacterString>Shapefile</gco:CharacterString>
</gmd:name>
<gmd:version gco:nilReason="missing"/>
</gmd:MD_Format>
</gmd:distributionFormat>
<gmd:transferOptions>
<gmd:MD_DigitalTransferOptions/>
</gmd:transferOptions>
</gmd:MD_Distribution>
</gmd:distributionInfo>
</gmd:MD_Metadata>
